type,IP
HTTP,175.42.122.217:9999
HTTP,175.42.122.147:9999
HTTP,114.239.151.122:9999
HTTP,113.195.168.24:9999
HTTP,49.86.180.78:9999
HTTP,112.111.217.213:9999
HTTP,113.121.93.0:9999
HTTP,182.105.200.126:9000
HTTP,36.248.132.86:9999
HTTP,175.42.123.37:9999
HTTP,171.13.4.29:9999
HTTP,175.42.123.180:9999
HTTP,115.53.36.222:9999
HTTP,113.124.95.227:9999
HTTP,117.91.248.229:9999
HTTP,113.194.130.182:9999
HTTP,58.23.67.241:9999
HTTP,175.43.142.191:9999
HTTP,175.43.57.34:9999
HTTP,122.4.50.90:9999
HTTP,49.86.181.138:9999
HTTP,112.111.217.121:9999
HTTP,106.110.212.199:9999
HTTP,175.42.122.10:9999
HTTP,112.111.77.163:9999
HTTP,182.34.17.40:9999
HTTP,115.53.33.113:9999
HTTP,117.91.252.50:9999
HTTP,120.83.102.88:9999
HTTP,175.42.123.30:9999
HTTP,117.69.150.125:9999
HTTP,114.239.144.162:9999
HTTP,110.243.9.203:9999
HTTP,218.58.193.98:8060
HTTP,175.42.128.26:9999
HTTP,106.110.212.243:9999
HTTP,49.86.57.108:9999
HTTP,171.11.29.120:9999
HTTP,115.221.246.238:9999
HTTP,175.44.109.119:9999
HTTP,112.111.217.75:9999
HTTP,113.124.87.225:9999
HTTP,110.243.27.110:9999
HTTP,14.211.68.21:9999
HTTP,36.248.132.77:9999
HTTP,115.221.246.106:9999
HTTP,110.243.17.5:9999
HTTP,175.42.123.150:9999
HTTP,123.169.113.251:9999
HTTP,112.111.77.227:9999
HTTP,123.169.112.167:9999
HTTP,175.42.128.48:9999
HTTP,175.42.158.107:9999
HTTP,36.249.118.57:9999
HTTP,175.43.56.44:9999
HTTP,123.169.124.136:9999
HTTP,171.35.209.77:9999
HTTP,113.194.142.191:9999
HTTP,36.248.133.34:9999
HTTP,123.160.69.179:9999
HTTP,49.86.178.108:9999
HTTP,175.42.158.145:9999
HTTP,182.46.98.85:9999
HTTP,183.166.139.196:9999
HTTP,123.169.125.50:9999
HTTP,183.166.70.207:9999
HTTP,223.242.225.142:9999
HTTP,175.42.158.146:9999
HTTP,112.111.77.126:9999
HTTP,115.221.242.172:9999
HTTP,115.221.247.210:9999
HTTP,114.239.147.38:9999
HTTP,112.111.77.203:9999
HTTP,120.83.101.39:9999
HTTP,171.35.213.55:9999
HTTP,183.166.133.226:9999
HTTP,115.221.242.23:9999
HTTP,175.43.34.4:9999
HTTP,175.42.122.78:9999
HTTP,115.221.246.29:9999
HTTP,49.86.183.237:9999
HTTP,175.42.68.83:9999
HTTP,27.192.171.221:9000
HTTP,58.22.177.226:9999
HTTP,110.243.6.227:9999
HTTP,115.221.247.38:9999
HTTP,42.177.139.41:9999
HTTP,183.166.110.73:9999
HTTP,112.111.217.37:9999
HTTP,175.42.122.158:9999
HTTP,113.121.75.103:9999
HTTP,175.43.87.102:9999
HTTP,175.155.138.162:1133
HTTP,175.43.59.29:9999
HTTP,123.169.35.188:9999
HTTP,113.121.47.142:9999
HTTP,175.42.123.76:9999
HTTP,58.253.155.113:9999
HTTP,175.44.108.185:9999
HTTP,182.34.26.189:9999
HTTP,175.43.86.238:9999
HTTP,175.42.123.234:9999
HTTP,39.84.127.110:9999
HTTP,49.87.202.114:9999
HTTP,182.122.189.117:9999
HTTP,123.169.96.188:9999
HTTP,175.43.151.192:9999
HTTP,175.43.57.37:9999
HTTP,175.42.68.65:9999
HTTP,36.249.49.40:9999
HTTP,183.166.70.69:9999
HTTP,175.44.108.107:9999
HTTP,36.248.129.202:9999
HTTP,175.42.68.158:9999
HTTP,175.42.158.78:9999
HTTP,113.121.40.244:9999
HTTP,120.83.109.176:9999
HTTP,175.42.158.72:9999
HTTP,113.121.36.137:9999
HTTP,175.42.122.117:9999
HTTP,123.169.117.219:9999
HTTP,175.42.68.26:9999
HTTP,183.166.71.252:9999
HTTP,117.69.13.250:9999
HTTP,182.34.22.42:9999
HTTP,123.169.120.98:9999
HTTP,114.239.3.211:9999
HTTP,183.166.110.143:9999
HTTP,183.166.162.126:9999
HTTP,223.242.224.233:9999
HTTP,113.195.234.139:9999
HTTP,183.166.21.60:9999
HTTP,123.52.96.80:9999
HTTP,113.194.150.133:9999
HTTP,117.69.150.193:9999
HTTP,117.69.12.174:9999
HTTP,122.138.145.255:9999
HTTP,175.42.128.157:9999
HTTP,112.111.77.177:9999
HTTP,175.43.154.145:9999
HTTP,218.27.220.51:9999
HTTP,115.221.247.197:9999
HTTP,115.221.246.85:9999
HTTP,175.42.123.104:9999
HTTP,117.64.235.111:1133
HTTP,123.169.102.108:9999
HTTP,110.243.14.3:9999
HTTP,123.54.44.197:9999
HTTP,49.89.86.43:9999
HTTP,117.66.232.43:9999
HTTP,36.248.129.251:9999
HTTP,175.42.122.45:9999
HTTP,117.91.249.116:9999
HTTP,117.91.164.126:9999
HTTP,36.249.119.8:9999
HTTP,36.249.52.19:9999
HTTP,220.249.149.168:9999
HTTP,183.166.139.53:9999
HTTP,117.64.237.224:1133
HTTP,36.248.133.117:9999
HTTP,117.41.38.19:9000
HTTP,36.57.86.181:9999
HTTP,123.169.119.201:9999
HTTP,175.43.32.51:9999
HTTP,121.233.206.100:9999
HTTP,117.69.13.205:9999
HTTP,117.69.169.166:9999
HTTP,183.166.102.220:9999
HTTP,115.221.243.151:9999
HTTP,183.166.96.203:9999
HTTP,115.221.245.58:9999
HTTP,123.169.120.54:9999
HTTP,121.233.207.204:9999
HTTP,120.83.107.90:9999
HTTP,175.43.57.7:9999
HTTP,36.250.156.53:9999
HTTP,175.42.122.241:9999
HTTP,49.70.85.149:9999
HTTP,117.64.225.58:1133
HTTP,175.43.57.12:9999
HTTP,175.43.57.12:9999
HTTP,180.119.83.71:9999
HTTP,171.35.171.107:9999
HTTP,112.111.77.140:9999
HTTP,183.154.214.51:9000
HTTP,175.42.68.226:9999
HTTP,36.250.156.123:9999
HTTP,113.195.225.188:9999
HTTP,175.43.35.22:9999
HTTP,175.42.68.228:9999
HTTP,113.195.155.221:9999
HTTP,171.11.28.177:9999
HTTP,49.70.89.100:9999
HTTP,27.214.113.1:9000
HTTP,117.69.150.208:9999
HTTP,182.46.122.141:9999
HTTP,120.83.108.149:9999
HTTP,223.242.224.154:9999
HTTP,60.168.206.117:1133
HTTP,175.42.123.144:9999
HTTP,175.42.68.2:9999
HTTP,175.42.122.66:9999
HTTP,123.169.112.200:9999
HTTP,110.243.26.239:9999
HTTP,112.111.217.126:9999
HTTP,175.43.84.121:9999
HTTP,58.22.177.160:9999
HTTP,175.42.123.70:9999
HTTP,36.249.109.3:9999
HTTP,183.166.71.12:9999
HTTP,171.35.169.58:9999
HTTP,110.243.28.10:9999
HTTP,110.243.5.98:9999
HTTP,113.195.170.100:9999
HTTP,123.160.99.112:9999
HTTP,175.43.57.34:9999
HTTP,175.44.109.31:9999
HTTP,36.249.118.57:9999
HTTP,171.13.137.69:9999
HTTP,113.194.128.194:9999
HTTP,175.42.158.200:9999
HTTP,117.91.249.242:9999
HTTP,36.248.129.196:9999
HTTP,121.232.199.209:9000
HTTP,121.233.206.212:9999
HTTP,106.42.216.88:9999
HTTP,110.243.27.141:9999
HTTP,123.52.96.15:9999
HTTP,112.111.77.113:9999
HTTP,115.221.240.112:9999
HTTP,182.34.35.47:9999
HTTP,171.35.222.223:9999
HTTP,120.83.108.141:9999
HTTP,113.195.167.73:9999
HTTP,36.249.48.59:9999
HTTP,175.42.123.142:9999
HTTP,42.177.136.187:9999
HTTP,110.243.24.22:9999
HTTP,114.239.149.35:9999
HTTP,36.248.132.214:9999
HTTP,117.69.130.94:9999
HTTP,175.42.128.215:9999
HTTP,106.110.195.22:9999
HTTP,175.42.68.214:9999
HTTP,115.221.241.252:9999
HTTP,27.43.185.8:9999
HTTP,175.42.123.93:9999
HTTP,175.42.68.14:9999
HTTP,117.95.195.190:9999
HTTP,49.70.99.69:9999
HTTP,175.43.33.37:9999
HTTP,175.43.59.41:9999
HTTP,114.239.198.19:9999
HTTP,182.46.100.215:9999
HTTP,183.166.111.57:9999
HTTP,36.250.156.183:9999
HTTP,175.42.122.111:9999
HTTP,110.243.24.231:9999
HTTP,36.249.118.16:9999
HTTP,115.221.240.68:9999
HTTP,175.43.34.7:9999
HTTP,175.44.109.26:9999
HTTP,36.56.103.41:9999
HTTP,175.42.68.130:9999
HTTP,175.42.123.213:9999
HTTP,123.52.96.197:9999
HTTP,117.69.153.170:9999
HTTP,36.249.48.48:9999
HTTP,123.101.237.10:9999
HTTP,175.44.109.83:9999
HTTP,115.221.240.214:9999
HTTP,175.44.108.233:9999
HTTP,115.210.35.67:9999
HTTP,175.43.57.61:9999
HTTP,36.250.156.210:9999
HTTP,114.239.145.237:9999
HTTP,36.249.109.7:9999
HTTP,223.242.224.16:9999
HTTP,175.42.68.81:9999
HTTP,183.166.71.99:9999
HTTP,101.26.50.88:9999
HTTP,106.110.200.125:9999
HTTP,117.95.199.241:9999
HTTP,36.250.156.100:9999
HTTP,175.42.129.107:9999
HTTP,49.86.58.24:9999
HTTP,175.42.123.78:9999
HTTP,115.218.7.131:9000
HTTP,112.111.217.71:9999
HTTP,115.221.243.5:9999
HTTP,175.42.68.136:9999
HTTP,175.42.123.11:9999
HTTP,113.194.136.2:9999
HTTP,113.121.21.19:9999
HTTP,36.249.118.52:9999
HTTP,222.189.191.153:9999
HTTP,120.83.107.98:9999
HTTP,115.221.246.51:9999
HTTP,175.42.122.156:9999
HTTP,115.221.241.68:9999
HTTP,121.232.199.123:9000
HTTP,115.221.243.41:9999
HTTP,49.70.17.158:9999
HTTP,120.83.122.225:9999
HTTP,115.211.189.182:9999
HTTP,115.221.243.242:9999
HTTP,115.221.242.162:9999
HTTP,114.239.146.231:9999
HTTP,182.34.20.252:9999
HTTP,175.42.129.67:9999
HTTP,117.69.153.181:9999
HTTP,120.83.97.72:9999
HTTP,113.121.74.243:9999
HTTP,120.83.104.25:9999
HTTP,175.42.122.202:9999
HTTP,183.166.70.251:9999
HTTP,121.233.207.18:9999
HTTP,117.95.192.77:9999
HTTP,113.124.219.79:9999
HTTP,112.111.217.37:9999
HTTP,123.54.45.16:9999
HTTP,114.234.139.168:9000
HTTP,36.248.129.40:9999
HTTP,36.249.53.9:9999
HTTP,117.91.254.84:9999
HTTP,49.70.99.70:9999
HTTP,114.239.210.148:9999
HTTP,121.232.199.64:9000
HTTP,175.42.128.51:9999
HTTP,110.243.28.135:9999
HTTP,36.248.133.171:9999
HTTP,36.249.49.57:9999
HTTP,115.221.242.128:9999
HTTP,49.70.64.84:9999
HTTP,122.138.142.0:9999
HTTP,49.86.178.113:9999
HTTP,121.233.226.229:9999
HTTP,121.233.227.48:9999
HTTP,175.43.85.7:9999
HTTP,175.42.158.47:9999
HTTP,175.42.68.211:9999
HTTP,115.221.242.225:9999
HTTP,175.43.151.232:9999
HTTP,115.221.244.10:9999
HTTP,175.42.123.228:9999
HTTP,175.43.179.29:9999
HTTP,171.35.147.28:9999
HTTP,118.212.106.121:9999
HTTP,175.42.158.231:9999
HTTP,175.43.152.10:9999
HTTP,183.166.162.63:9999
HTTP,175.42.123.201:9999
HTTP,121.233.226.149:9999
HTTP,49.86.24.122:9999
HTTP,49.86.176.47:9999
HTTP,36.249.52.22:9999
HTTP,175.146.71.243:9999
HTTP,121.232.148.86:9000
HTTP,175.42.68.249:9999
HTTP,180.118.128.126:9000
HTTP,223.243.172.88:9999
HTTP,115.221.241.93:9999
HTTP,113.121.23.216:9999
HTTP,222.189.191.217:9999
HTTP,112.111.77.128:9999
HTTP,140.255.185.169:9999
HTTP,117.69.13.16:9999
HTTP,112.111.77.245:9999
HTTP,36.249.109.2:9999
HTTP,115.221.240.116:9999
HTTP,60.167.134.210:1133
HTTP,183.166.162.158:9999
HTTP,123.169.38.99:9999
HTTP,113.121.47.54:9999
HTTP,175.43.58.18:9999
HTTP,175.42.68.182:9999
HTTP,49.86.180.210:9999
HTTP,175.42.68.53:9999
HTTP,175.43.151.244:9999
HTTP,115.221.243.91:9999
HTTP,112.111.217.61:9999
HTTP,112.111.217.144:9999
HTTP,106.111.53.237:9999
HTTP,117.69.130.97:9999
HTTP,115.221.245.25:9999
HTTP,182.34.33.246:9999
HTTP,115.221.244.89:9999
HTTP,175.44.108.153:9999
HTTP,175.43.156.50:9999
HTTP,115.221.241.216:9999
HTTP,171.35.212.243:9999
HTTP,49.70.64.141:9999
HTTP,113.194.130.117:9999
HTTP,175.42.122.20:9999
HTTP,175.43.179.230:9999
HTTP,175.42.128.153:9999
HTTP,175.43.56.31:9999
HTTP,171.35.142.123:9999
HTTP,123.169.112.96:9999
HTTP,175.42.123.84:9999
HTTP,175.43.57.5:9999
HTTP,175.42.129.46:9999
HTTP,123.169.100.203:9999
HTTP,117.91.250.165:9999
HTTP,175.43.143.223:9999
HTTP,121.233.206.80:9999
HTTP,110.243.2.183:9999
HTTP,175.42.68.197:9999
HTTP,175.42.122.177:9999
HTTP,113.121.93.12:9999
HTTP,117.69.151.126:9999
HTTP,175.42.123.143:9999
HTTP,175.42.68.91:9999
HTTP,115.221.242.183:9999
HTTP,60.19.239.64:9999
HTTP,115.221.243.255:9999
HTTP,175.42.122.159:9999
HTTP,121.226.215.62:9999
HTTP,49.70.99.251:9999
HTTP,175.42.68.225:9999
HTTP,115.221.245.70:9999
HTTP,120.83.102.185:9999
HTTP,110.243.17.43:9999
HTTP,117.69.170.31:9999
HTTP,27.43.188.110:9999
HTTP,175.43.59.2:9999
HTTP,121.233.227.123:9999
HTTP,113.124.93.95:9999
HTTP,220.249.149.196:9999
HTTP,114.239.2.8:9999
HTTP,121.233.226.208:9999
HTTP,175.43.35.27:9999
HTTP,112.111.217.94:9999
HTTP,36.249.52.35:9999
HTTP,183.166.102.120:9999
HTTP,175.42.129.122:9999
HTTP,114.103.168.212:9999
HTTP,115.221.244.165:9999
HTTP,115.210.46.75:9999
HTTP,60.169.133.10:9999
HTTP,123.54.44.176:9999
HTTP,175.43.151.103:9999
HTTP,175.43.35.21:9999
HTTP,175.42.68.205:9999
HTTP,111.160.169.54:41820
HTTP,115.221.241.51:9999
HTTP,117.66.254.96:9999
HTTP,183.165.11.242:9999
HTTP,110.243.0.15:9999
HTTP,175.43.85.109:9999
HTTP,171.12.221.134:9999
HTTP,182.46.121.37:9999
HTTP,175.42.123.10:9999
HTTP,175.43.34.10:9999
HTTP,175.42.122.185:9999
HTTP,222.189.190.61:9999
HTTP,183.166.20.236:9999
HTTP,49.89.87.112:9999
HTTP,183.166.111.170:9999
HTTP,36.249.109.13:9999
HTTP,115.221.240.246:9999
HTTP,123.52.179.231:9999
HTTP,113.121.66.157:9999
HTTP,36.249.49.57:9999
HTTP,36.57.87.8:9999
HTTP,115.221.246.52:9999
HTTP,171.35.175.11:9999
HTTP,49.89.84.71:9999
HTTP,123.169.124.123:9999
HTTP,124.94.252.155:9999
HTTP,183.166.70.196:9999
HTTP,49.89.87.151:9999
HTTP,183.166.71.241:9999
HTTP,113.121.44.8:9999
HTTP,175.43.34.38:9999
HTTP,175.42.122.66:9999
HTTP,120.83.97.133:9999
HTTP,183.166.103.118:9999
HTTP,123.169.118.192:9999
HTTP,115.221.246.84:9999
HTTP,114.104.138.85:9999
HTTP,110.243.21.235:9999
HTTP,120.83.111.119:9999
HTTP,175.42.128.185:9999
HTTP,112.111.217.5:9999
HTTP,36.248.133.9:9999
HTTP,175.42.122.196:9999
HTTP,175.43.178.78:9999
HTTP,175.43.58.39:9999
HTTP,112.111.77.72:9999
HTTP,171.35.160.70:9999
HTTP,175.43.58.44:9999
HTTP,49.86.176.133:9999
HTTP,175.42.68.196:9999
HTTP,175.43.58.8:9999
HTTP,171.13.136.67:9999
HTTP,171.13.137.98:9999
HTTP,175.43.151.209:9999
HTTP,123.169.113.4:9999
HTTP,113.124.92.97:9999
HTTP,182.34.35.235:9999
HTTP,123.169.34.26:9999
HTTP,122.138.141.62:9999
HTTP,1.198.41.178:9999
HTTP,175.146.215.38:9999
HTTP,112.111.217.197:9999
HTTP,115.221.240.78:9999
HTTP,114.239.3.125:9999
HTTP,49.86.180.119:9999
HTTP,120.83.107.136:9999
HTTP,117.69.168.192:9999
HTTP,171.13.137.124:9999
HTTP,223.242.225.46:9999
HTTP,49.89.103.159:9999
HTTP,175.42.128.197:9999
HTTP,110.243.4.9:9999
HTTP,175.42.129.40:9999
HTTP,115.221.241.99:9999
HTTP,36.249.49.16:9999
HTTP,117.95.199.86:9999
HTTP,114.104.129.115:9999
HTTP,114.239.199.158:9999
HTTP,175.43.130.76:9999
HTTP,175.42.122.245:9999
HTTP,113.124.92.140:9999
HTTP,220.249.149.242:9999
HTTP,175.43.32.32:9999
HTTP,171.35.168.65:9999
HTTP,175.43.32.39:9999
HTTP,123.169.120.154:9999
HTTP,183.166.110.24:9999
HTTP,49.86.177.103:9999
HTTP,175.43.32.38:9999
HTTP,115.221.244.99:9999
HTTP,171.13.136.116:9999
HTTP,175.155.71.88:1133
HTTP,115.221.245.167:9999
HTTP,120.83.107.27:9999
HTTP,220.249.149.11:9999
HTTP,171.35.146.200:9999
HTTP,113.121.36.34:9999
HTTP,112.111.217.249:9999
HTTP,121.226.215.198:9999
HTTP,171.35.142.209:9999
HTTP,115.218.3.112:9000
HTTP,121.232.148.51:9000
HTTP,121.233.207.217:9999
HTTP,180.119.93.22:9999
HTTP,180.118.128.58:9000
HTTP,36.250.156.241:9999
HTTP,175.43.156.51:9999
HTTP,171.13.136.87:9999
HTTP,115.221.244.84:9999
HTTP,175.43.59.53:9999
HTTP,123.54.45.32:9999
HTTP,175.42.68.195:9999
HTTP,112.111.217.69:9999
HTTP,123.101.66.228:9999
HTTP,175.43.57.37:9999
HTTP,175.43.59.55:9999
HTTP,123.169.124.145:9999
HTTP,121.232.148.61:9000
HTTP,27.43.184.34:9999
HTTP,36.249.109.22:9999
HTTP,122.138.145.132:9999
HTTP,175.42.123.247:9999
HTTP,175.43.58.51:9999
HTTP,115.221.242.196:9999
HTTP,36.248.133.95:9999
HTTP,113.121.20.90:9999
HTTP,110.243.26.108:9999
HTTP,182.46.115.190:9999
HTTP,36.249.48.40:9999
HTTP,121.233.206.158:9999
HTTP,110.243.17.83:9999
HTTP,175.42.128.111:9999
HTTP,36.248.133.214:9999
HTTP,113.124.84.153:9999
HTTP,171.35.173.183:9999
HTTP,123.169.97.23:9999
HTTP,175.43.151.105:9999
HTTP,223.242.225.49:9999
HTTP,115.210.47.85:9999
HTTP,183.166.71.46:9999
HTTP,175.44.108.133:9999
